what,kind,bundleId,bundleVersion,description,time
started,bundle,org.eclipse.mylyn.context.ui,3.4.1.v20100909-0100-e3x,"org.eclipse.mylyn.context.ui",1290751498437
started,bundle,org.eclipse.mylyn.monitor.ui,3.4.0.v20100608-0100-e3x,"org.eclipse.mylyn.monitor.ui",1290751498437
started,bundle,org.eclipse.mylyn.tasks.ui,3.4.2.v20100902-0100-e3x,"org.eclipse.mylyn.tasks.ui",1290751498437
started,bundle,org.eclipse.mylyn.team.ui,3.4.2.v20100909-0100-e3x,"org.eclipse.mylyn.team.ui",1290751498453
started,bundle,org.tigris.subversion.clientadapter,1.6.12,"org.tigris.subversion.clientadapter",1290751498453
started,bundle,org.tigris.subversion.subclipse.core,1.6.15,"org.tigris.subversion.subclipse.core",1290751498453
started,bundle,org.tigris.subversion.subclipse.mylyn,3.0.0,"org.tigris.subversion.subclipse.mylyn",1290751498453
started,bundle,org.tigris.subversion.subclipse.tools.usage,1.0.1,"org.tigris.subversion.subclipse.tools.usage",1290751498453
started,bundle,org.tigris.subversion.subclipse.ui,1.6.15,"org.tigris.subversion.subclipse.ui",1290751498453
started,bundle,org.eclipse.team.svn.core,0.7.9.I20100917-1700,"org.eclipse.team.svn.core",1290751498468
started,bundle,org.eclipse.team.svn.mylyn,0.7.9.I20100512-1900,"org.eclipse.team.svn.mylyn",1290751498468
started,bundle,org.eclipse.team.svn.revision.graph,0.7.9.I20100917-1700,"org.eclipse.team.svn.revision.graph",1290751498468
started,bundle,org.eclipse.team.svn.ui,0.7.9.I20101001-1700,"org.eclipse.team.svn.ui",1290751498468
started,bundle,org.polarion.eclipse.team.svn.connector.javahl16,2.2.2.I20100917-1700,"org.polarion.eclipse.team.svn.connector.javahl16",1290751498468
started,bundle,org.polarion.eclipse.team.svn.connector.svnkit16,2.2.2.I20100917-1700,"org.polarion.eclipse.team.svn.connector.svnkit16",1290751498468
started,bundle,org.polarion.eclipse.team.svn.connector.javahl,2.2.2.I20100512-1900,"org.polarion.eclipse.team.svn.connector.javahl",1290751498468
started,bundle,org.polarion.eclipse.team.svn.connector.javahl15,2.2.2.I20100512-1900,"org.polarion.eclipse.team.svn.connector.javahl15",1290751498468
started,bundle,org.polarion.eclipse.team.svn.connector.svnkit,2.2.2.I20100512-1900,"org.polarion.eclipse.team.svn.connector.svnkit",1290751498468
started,bundle,org.polarion.eclipse.team.svn.connector.svnkit15,2.2.2.I20100512-1900,"org.polarion.eclipse.team.svn.connector.svnkit15",1290751498468
started,bundle,com.aptana.ide.core,2.0.5.1278523018,"com.aptana.ide.core",1290751498468
started,bundle,com.aptana.ide.core.epl,2.0.0.1278614541,"com.aptana.ide.core.epl",1290751498468
started,bundle,com.aptana.ide.core.io,2.0.5.1278614541,"com.aptana.ide.core.io",1290751498484
started,bundle,com.aptana.ide.core.ui,2.0.5.1278523018,"com.aptana.ide.core.ui",1290751498484
started,bundle,com.aptana.ide.debug.core,2.0.0.1278523018,"com.aptana.ide.debug.core",1290751498484
started,bundle,com.aptana.ide.debug.ui,2.0.0.1254164293,"com.aptana.ide.debug.ui",1290751498484
started,bundle,com.aptana.ide.desktop.integration.protocolhandler,2.0.0.1278523018,"com.aptana.ide.desktop.integration.protocolhandler",1290751498484
started,bundle,com.aptana.ide.desktop.integration.server,2.0.0.1278523018,"com.aptana.ide.desktop.integration.server",1290751498484
started,bundle,com.aptana.ide.editors,2.0.5.1278523018,"com.aptana.ide.editors",1290751498484
started,bundle,com.aptana.ide.epl,2.0.0.1278523018,"com.aptana.ide.epl",1290751498484
started,bundle,com.aptana.ide.installer,2.0.5.1278523018,"com.aptana.ide.installer",1290751498500
started,bundle,com.aptana.ide.intro,2.0.0.1278523018,"com.aptana.ide.intro",1290751498500
started,bundle,com.aptana.ide.scripting,2.0.0.1278523018,"com.aptana.ide.scripting",1290751498500
started,bundle,com.aptana.ide.server.portal,2.0.0.1278523018,"com.aptana.ide.server.portal",1290751498500
started,bundle,com.aptana.ide.syncing.core,2.0.5.1278614541,"com.aptana.ide.syncing.core",1290751498500
started,bundle,com.aptana.ide.syncing.ui,2.0.5.1278614541,"com.aptana.ide.syncing.ui",1290751498500
started,bundle,com.aptana.ide.update,2.0.5.1278523018,"com.aptana.ide.update",1290751498500
started,bundle,com.aptana.ide.update.eclipse34,2.0.5.1278614541,"com.aptana.ide.update.eclipse34",1290751498500
started,bundle,com.aptana.ide.update.eclipse35,2.0.5.1278614541,"com.aptana.ide.update.eclipse35",1290751498500
started,bundle,org.eclipse.dltk.core,1.0.2.v20100209-1928,"org.eclipse.dltk.core",1290751498500
started,bundle,org.eclipse.dltk.launching,1.0.1.v20090910-1601,"org.eclipse.dltk.launching",1290751498765
started,bundle,org.eclipse.dltk.ui,1.0.2.v20100209-1928,"org.eclipse.dltk.ui",1290751498765
os,sysinfo,,,"win32",1290751498796
arch,sysinfo,,,"x86",1290751498796
ws,sysinfo,,,"win32",1290751498796
locale,sysinfo,,,"ko_KR",1290751498796
processors,sysinfo,,,"2",1290751498796
java.runtime.name,sysinfo,,,"Java(TM) SE Runtime Environment",1290751498796
java.runtime.version,sysinfo,,,"1.6.0_22-b04",1290751498796
java.specification.name,sysinfo,,,"Java Platform API Specification",1290751498796
java.specification.vendor,sysinfo,,,"Sun Microsystems Inc.",1290751498796
java.specification.version,sysinfo,,,"1.6",1290751498796
java.vendor,sysinfo,,,"Sun Microsystems Inc.",1290751498796
java.version,sysinfo,,,"1.6.0_22",1290751498796
java.vm.info,sysinfo,,,"mixed mode, sharing",1290751498796
java.vm.name,sysinfo,,,"Java HotSpot(TM) Client VM",1290751498796
java.vm.specification.name,sysinfo,,,"Java Virtual Machine Specification",1290751498796
java.vm.specification.vendor,sysinfo,,,"Sun Microsystems Inc.",1290751498796
java.vm.specification.version,sysinfo,,,"1.0",1290751498796
java.vm.vendor,sysinfo,,,"Sun Microsystems Inc.",1290751498796
java.vm.version,sysinfo,,,"17.1-b03",1290751498796
started,bundle,com.aptana.ide.server.jetty,2.0.0.1278523018,"com.aptana.ide.server.jetty",1290751498828
started,bundle,com.aptana.ide.update.ui,2.0.0.1278614541,"com.aptana.ide.update.ui",1290751498843
started,bundle,org.eclipse.eclipsemonkey,2.0.5.1278445773,"org.eclipse.eclipsemonkey",1290751498843
started,bundle,org.eclipse.eclipsemonkey.lang.javascript,2.0.0.1277749615,"org.eclipse.eclipsemonkey.lang.javascript",1290751498859
started,bundle,org.eclipse.php.debug.ui,2.1.1.v20090714-1338,"org.eclipse.php.debug.ui",1290751499000
started,bundle,org.eclipse.wst.sse.ui,1.1.102.v200910200227,"org.eclipse.wst.sse.ui",1290751499015
started,bundle,org.eclipse.wst.sse.core,1.1.402.v201001251516,"org.eclipse.wst.sse.core",1290751499031
started,bundle,org.eclipse.php.ui,2.1.1.v20090830-1830,"org.eclipse.php.ui",1290751499031
activated,workbench,org.eclipse.ui.workbench,3.5.2.M20100113-0800,"",1290751499093
started,bundle,com.aptana.ide.server,2.0.0.1278523018,"com.aptana.ide.server",1290751499593
started,bundle,com.aptana.ide.documentation,2.0.0.1278523018,"com.aptana.ide.documentation",1290751499828
started,bundle,com.aptana.ide.samples.ui,2.0.0.1278614541,"com.aptana.ide.samples.ui",1290751499828
started,bundle,com.aptana.ide.update.portal,2.0.0.1278614541,"com.aptana.ide.update.portal",1290751500125
opened,editor,com.aptana.ide.server.portal,2.0.0.1278523018,"com.aptana.ide.server.portal.ui.MyAptanaEditor",1290751500140
started,bundle,org.eclipse.eclipsemonkey.doms,2.0.0.1277749615,"org.eclipse.eclipsemonkey.doms",1290751500234
started,bundle,org.eclipse.php.core,2.1.1.v20090831-1530,"org.eclipse.php.core",1290751500296
started,bundle,org.eclipse.php.debug.daemon,2.1.1.v20090707-1108,"org.eclipse.php.debug.daemon",1290751500484
started,bundle,com.aptana.ide.server.core,2.0.0.1278523018,"com.aptana.ide.server.core",1290751500500
started,bundle,org.eclipse.php.server.core,2.1.1.v20090707-1108,"org.eclipse.php.server.core",1290751500515
started,bundle,org.eclipse.php.debug.core,2.1.1.v20090830-1830,"org.eclipse.php.debug.core",1290751500703
closed,workbench,org.eclipse.ui.workbench,3.5.2.M20100113-0800,"",1290751506156
stopped,bundle,org.eclipse.jst.ws.axis.creation.ui,1.0.406.v200903031852,"org.eclipse.jst.ws.axis.creation.ui",1290751506843
stopped,bundle,org.eclipse.jst.ws.axis.consumption.ui,1.0.405.v200901261650,"org.eclipse.jst.ws.axis.consumption.ui",1290751506843
stopped,bundle,org.eclipse.jst.ws.axis.consumption.core,1.0.306.v200810082309,"org.eclipse.jst.ws.axis.consumption.core",1290751506843
stopped,bundle,org.eclipse.jst.ws.axis2.creation.ui,1.0.103.v200807162242,"org.eclipse.jst.ws.axis2.creation.ui",1290751506843
stopped,bundle,org.eclipse.jst.ws.axis2.consumption.ui,1.0.102.v200807232000,"org.eclipse.jst.ws.axis2.consumption.ui",1290751506843
stopped,bundle,org.eclipse.jst.ws.axis2.creation.core,1.0.105.v200901220134,"org.eclipse.jst.ws.axis2.creation.core",1290751506843
stopped,bundle,org.eclipse.jst.ws.axis2.consumption.core,1.0.104.v200810151442,"org.eclipse.jst.ws.axis2.consumption.core",1290751506843
stopped,bundle,org.eclipse.jst.ws.axis2.ui,1.0.302.v200905260749,"org.eclipse.jst.ws.axis2.ui",1290751506843
stopped,bundle,org.eclipse.jst.ws.axis2.core,1.0.104.v200810151442,"org.eclipse.jst.ws.axis2.core",1290751506843
stopped,bundle,org.eclipse.jst.ws.creation.ui,1.0.409.v200911241856,"org.eclipse.jst.ws.creation.ui",1290751506843
stopped,bundle,org.eclipse.jst.ws.consumption.ui,1.1.106.v200911241851,"org.eclipse.jst.ws.consumption.ui",1290751506859
stopped,bundle,org.eclipse.jst.ws.consumption,1.0.408.v200911241817,"org.eclipse.jst.ws.consumption",1290751506859
stopped,bundle,org.eclipse.jst.ws.uddiregistry,1.0.400.v200901261650,"org.eclipse.jst.ws.uddiregistry",1290751506859
stopped,bundle,org.eclipse.jst.ws.ui,1.0.402.v200903111822,"org.eclipse.jst.ws.ui",1290751506859
stopped,bundle,org.eclipse.jst.ws,1.0.407.v200905191120,"org.eclipse.jst.ws",1290751506875
stopped,bundle,org.eclipse.wst.ws.explorer,1.0.408.v200911241806,"org.eclipse.wst.ws.explorer",1290751506875
stopped,bundle,org.eclipse.wst.wsdl.ui,1.2.202.v200904271449,"org.eclipse.wst.wsdl.ui",1290751506875
stopped,bundle,org.eclipse.wst.ws.ui,1.1.100.v200903112221,"org.eclipse.wst.ws.ui",1290751506875
stopped,bundle,org.eclipse.wst.wsi.ui,1.0.500.v200901141851,"org.eclipse.wst.wsi.ui",1290751506875
stopped,bundle,org.eclipse.wst.wsi,1.0.305.v200902181431,"org.eclipse.wst.wsi",1290751506875
stopped,bundle,org.eclipse.wst.ws,1.1.103.v200903111822,"org.eclipse.wst.ws",1290751506875
stopped,bundle,org.eclipse.jst.j2ee.webservice.ui,1.1.300.v200902052230,"org.eclipse.jst.j2ee.webservice.ui",1290751506875
stopped,bundle,org.eclipse.jst.j2ee.webservice,1.1.300.v200901220600,"org.eclipse.jst.j2ee.webservice",1290751506875
stopped,bundle,org.eclipse.wst.ws.parser,1.0.402.v200901220107,"org.eclipse.wst.ws.parser",1290751506890
stopped,bundle,commonj.sdo,2.1.1.v200905221342,"commonj.sdo",1290751506890
stopped,bundle,org.eclipse.datatools.enablement.oda.ws.ui,1.2.2.v201001260400,"org.eclipse.datatools.enablement.oda.ws.ui",1290751506890
stopped,bundle,org.eclipse.datatools.enablement.oda.ws,1.2.2.v201001131420,"org.eclipse.datatools.enablement.oda.ws",1290751506890
stopped,bundle,org.eclipse.wst.wsdl,1.2.2.v200911111930,"org.eclipse.wst.wsdl",1290751506890
stopped,bundle,org.eclipse.wst.wsdl.validation,1.1.402.v200911251542,"org.eclipse.wst.wsdl.validation",1290751506890
stopped,bundle,org.eclipse.wst.xsl.jaxp.debug.ui,1.0.0.v200904240436,"org.eclipse.wst.xsl.jaxp.debug.ui",1290751506890
stopped,bundle,org.eclipse.wst.xsl.ui,1.0.100.v200907172129,"org.eclipse.wst.xsl.ui",1290751506890
stopped,bundle,org.eclipse.wst.xml.xpath.ui,1.0.0.v200904240436,"org.eclipse.wst.xml.xpath.ui",1290751506906
stopped,bundle,org.eclipse.wst.xsl.debug.ui,1.0.0.v200904240436,"org.eclipse.wst.xsl.debug.ui",1290751506906
stopped,bundle,org.eclipse.wst.xsl.jaxp.launching,1.0.0.v200904240436,"org.eclipse.wst.xsl.jaxp.launching",1290751506906
stopped,bundle,org.eclipse.wst.xsl.launching,1.0.0.v200904241348,"org.eclipse.wst.xsl.launching",1290751506906
stopped,bundle,org.eclipse.wst.xsl.core,1.0.1.v200908101420,"org.eclipse.wst.xsl.core",1290751506906
stopped,bundle,org.eclipse.datatools.enablement.oda.xml.ui,1.2.1.v201001191820,"org.eclipse.datatools.enablement.oda.xml.ui",1290751506906
stopped,bundle,org.eclipse.datatools.enablement.oda.xml,1.2.1.v201001151620,"org.eclipse.datatools.enablement.oda.xml",1290751506906
stopped,bundle,org.eclipse.jst.jsf.apache.trinidad.tagsupport,1.1.0.v20090525,"org.eclipse.jst.jsf.apache.trinidad.tagsupport",1290751506906
stopped,bundle,org.eclipse.jst.jsf.facesconfig.ui,1.1.6.v20100203,"org.eclipse.jst.jsf.facesconfig.ui",1290751506906
stopped,bundle,org.eclipse.jst.jsf.ui,1.2.3.v201001271707,"org.eclipse.jst.jsf.ui",1290751506906
stopped,bundle,org.eclipse.jst.pagedesigner.jsf.ui,1.1.4.v20100203,"org.eclipse.jst.pagedesigner.jsf.ui",1290751506906
stopped,bundle,org.eclipse.jst.pagedesigner,1.2.3.v20100211,"org.eclipse.jst.pagedesigner",1290751506921
stopped,bundle,org.eclipse.jst.jsf.core,1.2.5.v201001271707,"org.eclipse.jst.jsf.core",1290751506921
stopped,bundle,org.eclipse.jst.jsf.common.ui,1.1.1.v20081209,"org.eclipse.jst.jsf.common.ui",1290751506921
stopped,bundle,org.eclipse.jst.jsf.standard.tagsupport,1.1.205.v201002101327,"org.eclipse.jst.jsf.standard.tagsupport",1290751506921
stopped,bundle,org.eclipse.jst.pagedesigner.jsp.core,1.1.3.v201002111131,"org.eclipse.jst.pagedesigner.jsp.core",1290751506921
stopped,bundle,org.eclipse.jst.jsf.common,1.1.9.v201001271707,"org.eclipse.jst.jsf.common",1290751506921
stopped,bundle,org.eclipse.wst.jsdt.web.support.jsp,1.0.200.v200904140255,"org.eclipse.wst.jsdt.web.support.jsp",1290751506921
stopped,bundle,org.eclipse.jst.jsp.ui,1.1.401.v200908111935,"org.eclipse.jst.jsp.ui",1290751506921
stopped,bundle,org.eclipse.jst.jsp.core,1.2.204.v201001270045,"org.eclipse.jst.jsp.core",1290751506921
stopped,bundle,org.eclipse.php.server.ui,2.1.1.v20090707-1108,"org.eclipse.php.server.ui",1290751506921
stopped,bundle,org.eclipse.php.debug.ui,2.1.1.v20090714-1338,"org.eclipse.php.debug.ui",1290751506921
stopped,bundle,org.eclipse.php.debug.core,2.1.1.v20090830-1830,"org.eclipse.php.debug.core",1290751506921
stopped,bundle,org.eclipse.php.ui,2.1.1.v20090830-1830,"org.eclipse.php.ui",1290751506921
stopped,bundle,org.eclipse.wst.jsdt.web.ui,1.0.201.v2010012803,"org.eclipse.wst.jsdt.web.ui",1290751506921
stopped,bundle,org.eclipse.jpt.eclipselink.ui,1.2.0.v200905310000,"org.eclipse.jpt.eclipselink.ui",1290751506921
stopped,bundle,org.eclipse.jpt.ui,2.2.2.v200911250220,"org.eclipse.jpt.ui",1290751506937
stopped,bundle,org.eclipse.jst.j2ee.ejb.annotations.ui,1.1.102.v200805140020,"org.eclipse.jst.j2ee.ejb.annotations.ui",1290751506937
stopped,bundle,org.eclipse.jst.ejb.ui,1.1.301.v200908131325,"org.eclipse.jst.ejb.ui",1290751506937
stopped,bundle,org.eclipse.jst.servlet.ui,1.1.301.v200908101600,"org.eclipse.jst.servlet.ui",1290751506937
stopped,bundle,org.eclipse.jst.jee.ui,1.0.201.v201002021208,"org.eclipse.jst.jee.ui",1290751506937
stopped,bundle,org.eclipse.jst.j2ee.navigator.ui,1.1.301.v201001252130,"org.eclipse.jst.j2ee.navigator.ui",1290751506937
stopped,bundle,org.eclipse.jst.j2ee.jca.ui,1.1.300.v200809052300,"org.eclipse.jst.j2ee.jca.ui",1290751506937
stopped,bundle,org.eclipse.jst.j2ee.ui,1.1.301.v201001252130,"org.eclipse.jst.j2ee.ui",1290751506937
stopped,bundle,org.eclipse.wst.web.ui,1.1.301.v201001252130,"org.eclipse.wst.web.ui",1290751506937
stopped,bundle,org.eclipse.wst.html.ui,1.0.401.v200908111935,"org.eclipse.wst.html.ui",1290751506937
stopped,bundle,org.eclipse.wst.css.ui,1.0.401.v200907171457,"org.eclipse.wst.css.ui",1290751506953
stopped,bundle,org.eclipse.wst.jsdt.web.core,1.0.201.v201001221931,"org.eclipse.wst.jsdt.web.core",1290751506953
stopped,bundle,org.eclipse.php.server.core,2.1.1.v20090707-1108,"org.eclipse.php.server.core",1290751506953
stopped,bundle,org.eclipse.php.core,2.1.1.v20090831-1530,"org.eclipse.php.core",1290751506953
stopped,bundle,org.eclipse.wst.html.core,1.1.300.v200903120608,"org.eclipse.wst.html.core",1290751506953
stopped,bundle,org.eclipse.wst.css.core,1.1.301.v200910161432,"org.eclipse.wst.css.core",1290751506953
stopped,bundle,org.eclipse.jpt.eclipselink.core,1.2.0.v200905310000,"org.eclipse.jpt.eclipselink.core",1290751506953
stopped,bundle,org.eclipse.jpt.core,2.2.1.v200908270220,"org.eclipse.jpt.core",1290751506953
stopped,bundle,org.eclipse.jst.j2ee.xdoclet.runtime,1.1.102.v200805140135,"org.eclipse.jst.j2ee.xdoclet.runtime",1290751506953
stopped,bundle,org.eclipse.jst.j2ee.ejb.annotations.xdoclet,1.2.0.v200805140020,"org.eclipse.jst.j2ee.ejb.annotations.xdoclet",1290751506953
stopped,bundle,org.eclipse.jst.j2ee.ejb.annotations.emitter,1.1.102.v200805140135,"org.eclipse.jst.j2ee.ejb.annotations.emitter",1290751506953
stopped,bundle,org.eclipse.jst.j2ee.ejb.annotation.model,1.1.102.v200805140020,"org.eclipse.jst.j2ee.ejb.annotation.model",1290751506953
stopped,bundle,org.eclipse.jst.jee.ejb,1.0.201.v201002021057,"org.eclipse.jst.jee.ejb",1290751506968
stopped,bundle,org.eclipse.jst.j2ee.ejb,1.1.301.v201001252130,"org.eclipse.jst.j2ee.ejb",1290751506968
stopped,bundle,org.eclipse.jst.jee.web,1.0.201.v201002031231,"org.eclipse.jst.jee.web",1290751506968
stopped,bundle,org.eclipse.jst.j2ee.web,1.1.301.v200911302230,"org.eclipse.jst.j2ee.web",1290751506968
stopped,bundle,org.eclipse.jst.jee,1.0.201.v201002021055,"org.eclipse.jst.jee",1290751506968
stopped,bundle,org.eclipse.jst.j2ee.jca,1.1.301.v201001252130,"org.eclipse.jst.j2ee.jca",1290751506968
stopped,bundle,org.eclipse.jst.jsf.facesconfig,1.1.3.v20090902,"org.eclipse.jst.jsf.facesconfig",1290751506968
stopped,bundle,org.eclipse.jst.j2ee,1.1.301.v201001272230,"org.eclipse.jst.j2ee",1290751506968
stopped,bundle,org.eclipse.jst.j2ee.core,1.1.301.v200911302230,"org.eclipse.jst.j2ee.core",1290751506984
stopped,bundle,org.eclipse.wst.dtd.ui,1.0.400.v200904300717,"org.eclipse.wst.dtd.ui",1290751506984
stopped,bundle,org.eclipse.wst.dtd.core,1.1.300.v200904181727,"org.eclipse.wst.dtd.core",1290751506984
stopped,bundle,org.eclipse.wst.xsd.ui,1.2.204.v200909021537,"org.eclipse.wst.xsd.ui",1290751506984
stopped,bundle,org.eclipse.wst.xml.ui,1.1.2.v201001222130,"org.eclipse.wst.xml.ui",1290751506984
stopped,bundle,org.eclipse.wst.xsd.core,1.1.401.v200903020335,"org.eclipse.wst.xsd.core",1290751506984
stopped,bundle,org.eclipse.wst.xml.core,1.1.402.v201001222130,"org.eclipse.wst.xml.core",1290751506984
stopped,bundle,org.eclipse.wst.xml.xpath2.processor,1.0.0.v200905300355,"org.eclipse.wst.xml.xpath2.processor",1290751506984
stopped,bundle,org.eclipse.help.webapp,3.4.1.v20091009_35x,"org.eclipse.help.webapp",1290751506984
stopped,bundle,org.eclipse.equinox.jsp.jasper.registry,1.0.100.v20090520-1800,"org.eclipse.equinox.jsp.jasper.registry",1290751506984
stopped,bundle,org.eclipse.equinox.jsp.jasper,1.0.200.v20090520-1800,"org.eclipse.equinox.jsp.jasper",1290751507000
stopped,bundle,org.eclipse.datatools.enablement.hsqldb.ui,1.0.0.v200906020900,"org.eclipse.datatools.enablement.hsqldb.ui",1290751507000
stopped,bundle,org.eclipse.datatools.enablement.ingres.ui,1.0.0.v200906111150,"org.eclipse.datatools.enablement.ingres.ui",1290751507000
stopped,bundle,org.eclipse.datatools.enablement.postgresql.ui,1.0.0.v200906020900,"org.eclipse.datatools.enablement.postgresql.ui",1290751507000
stopped,bundle,org.eclipse.datatools.enablement.sqlite.ui,1.0.0.v200906020900,"org.eclipse.datatools.enablement.sqlite.ui",1290751507000
stopped,bundle,org.eclipse.datatools.connectivity.db.generic.ui,1.0.1.v200906020900,"org.eclipse.datatools.connectivity.db.generic.ui",1290751507000
stopped,bundle,org.eclipse.datatools.connectivity.apache.derby.ui,1.0.1.v200906020900,"org.eclipse.datatools.connectivity.apache.derby.ui",1290751507000
stopped,bundle,org.eclipse.datatools.enablement.sybase.asa.schemaobjecteditor.examples,2.5.0.200810071,"org.eclipse.datatools.enablement.sybase.asa.schemaobjecteditor.examples",1290751507000
stopped,bundle,org.eclipse.datatools.enablement.sybase.asa.ui,1.0.1.v200906111150,"org.eclipse.datatools.enablement.sybase.asa.ui",1290751507000
stopped,bundle,org.eclipse.datatools.enablement.sybase.ase.ui,1.0.1.v200906020900,"org.eclipse.datatools.enablement.sybase.ase.ui",1290751507000
stopped,bundle,org.eclipse.datatools.enablement.sybase.ui,1.0.0.v200906090458,"org.eclipse.datatools.enablement.sybase.ui",1290751507000
stopped,bundle,org.eclipse.datatools.sqltools.data.ui,1.1.2.v200912080845,"org.eclipse.datatools.sqltools.data.ui",1290751507015
stopped,bundle,org.eclipse.datatools.connectivity.sqm.server.ui,1.1.100.v200910270503,"org.eclipse.datatools.connectivity.sqm.server.ui",1290751507015
stopped,bundle,org.eclipse.datatools.sqltools.ddlgen.ui,1.0.0.v200906022302,"org.eclipse.datatools.sqltools.ddlgen.ui",1290751507015
stopped,bundle,org.eclipse.datatools.sqltools.db.derby.ui,1.0.0.v200906020900,"org.eclipse.datatools.sqltools.db.derby.ui",1290751507015
stopped,bundle,org.eclipse.datatools.sqltools.db.generic.ui,1.0.0.v200906020900,"org.eclipse.datatools.sqltools.db.generic.ui",1290751507015
stopped,bundle,org.eclipse.datatools.sqltools.debugger.core.ui,1.0.0.v200906022302,"org.eclipse.datatools.sqltools.debugger.core.ui",1290751507015
stopped,bundle,org.eclipse.datatools.sqltools.routineeditor.ui,1.0.0.v200906022302,"org.eclipse.datatools.sqltools.routineeditor.ui",1290751507015
stopped,bundle,org.eclipse.datatools.sqltools.sqlbuilder,1.0.0.v201001200600,"org.eclipse.datatools.sqltools.sqlbuilder",1290751507015
stopped,bundle,org.eclipse.datatools.sqltools.debugger.core,1.0.0.v200906022302,"org.eclipse.datatools.sqltools.debugger.core",1290751507015
stopped,bundle,org.eclipse.datatools.sqltools.schemaobjecteditor.ui.pages,1.1.0.200810071,"org.eclipse.datatools.sqltools.schemaobjecteditor.ui.pages",1290751507015
stopped,bundle,org.eclipse.datatools.sqltools.schemaobjecteditor.ui,1.1.0.200810071,"org.eclipse.datatools.sqltools.schemaobjecteditor.ui",1290751507015
stopped,bundle,org.eclipse.datatools.sqltools.sqlscrapbook,1.0.0.v200906022302,"org.eclipse.datatools.sqltools.sqlscrapbook",1290751507031
stopped,bundle,org.eclipse.datatools.sqltools.sqleditor,1.0.1.v200912241345,"org.eclipse.datatools.sqltools.sqleditor",1290751507031
stopped,bundle,org.eclipse.datatools.sqltools.editor.core.ui,1.0.0.v201001150815,"org.eclipse.datatools.sqltools.editor.core.ui",1290751507031
stopped,bundle,org.eclipse.datatools.sqltools.tabledataeditor,1.0.0.v200906022302,"org.eclipse.datatools.sqltools.tabledataeditor",1290751507031
stopped,bundle,org.eclipse.datatools.connectivity.sqm.core.ui,1.1.100.v200910270525,"org.eclipse.datatools.connectivity.sqm.core.ui",1290751507031
stopped,bundle,org.eclipse.datatools.connectivity.ui.dse,1.1.3.v201001270323,"org.eclipse.datatools.connectivity.ui.dse",1290751507031
stopped,bundle,org.eclipse.pde.ua.ui,1.0.0.v20090511,"org.eclipse.pde.ua.ui",1290751507031
stopped,bundle,org.eclipse.datatools.connectivity.oda.template.ui,3.2.0.v200906020553,"org.eclipse.datatools.connectivity.oda.template.ui",1290751507031
stopped,bundle,org.eclipse.pde.api.tools.ui,1.0.101.v20090820,"org.eclipse.pde.api.tools.ui",1290751507031
stopped,bundle,org.eclipse.pde.ds.ui,1.0.0.v20100209-maintenance,"org.eclipse.pde.ds.ui",1290751507031
stopped,bundle,org.eclipse.pde.runtime,3.4.100.v20090731,"org.eclipse.pde.runtime",1290751507046
stopped,bundle,org.eclipse.pde.ui.templates,3.4.100.v20090527,"org.eclipse.pde.ui.templates",1290751507046
stopped,bundle,org.eclipse.pde.ui,3.5.1.v201001121200,"org.eclipse.pde.ui",1290751507046
stopped,bundle,org.eclipse.ui.cheatsheets,3.3.200.v20090526,"org.eclipse.ui.cheatsheets",1290751507046
stopped,bundle,com.aptana.ide.documentation,2.0.0.1278523018,"com.aptana.ide.documentation",1290751507046
stopped,bundle,org.eclipse.help.ui,3.4.1.v20090819_35x,"org.eclipse.help.ui",1290751507046
stopped,bundle,org.eclipse.epp.usagedata.ui,1.1.1.R201001291118,"org.eclipse.epp.usagedata.ui",1290751507046
stopped,bundle,org.eclipse.ui.intro.universal,3.2.300.v20090526,"org.eclipse.ui.intro.universal",1290751507046
stopped,bundle,org.eclipse.wtp.epp.package.jee.intro,1.2.0.20090617-0522,"org.eclipse.wtp.epp.package.jee.intro",1290751507046
stopped,bundle,com.aptana.ide.desktop.integration,2.0.0.1253913567,"com.aptana.ide.desktop.integration",1290751507062
stopped,bundle,com.aptana.ide.desktop.integration.server,2.0.0.1278523018,"com.aptana.ide.desktop.integration.server",1290751507062
stopped,bundle,com.aptana.ide.reporting,2.0.0.1278614541,"com.aptana.ide.reporting",1290751507062
stopped,bundle,com.aptana.ide.samples.ui,2.0.0.1278614541,"com.aptana.ide.samples.ui",1290751507062
stopped,bundle,com.aptana.ide.intro,2.0.0.1278523018,"com.aptana.ide.intro",1290751507062
stopped,bundle,org.eclipse.ui.intro,3.3.2.v20100111_35x,"org.eclipse.ui.intro",1290751507062
stopped,bundle,com.aptana.ide.debug.ui,2.0.0.1254164293,"com.aptana.ide.debug.ui",1290751507062
stopped,bundle,com.aptana.ide.scripting,2.0.0.1278523018,"com.aptana.ide.scripting",1290751507062
stopped,bundle,com.aptana.ide.editor.xml,2.0.0.1253913567,"com.aptana.ide.editor.xml",1290751507062
stopped,bundle,com.aptana.ide.editor.html,2.0.0.1278523018,"com.aptana.ide.editor.html",1290751507062
stopped,bundle,com.aptana.ide.debug.core,2.0.0.1278523018,"com.aptana.ide.debug.core",1290751507062
stopped,bundle,com.aptana.ide.server.jetty.ui,2.0.0.1278614541,"com.aptana.ide.server.jetty.ui",1290751507062
stopped,bundle,com.aptana.ide.server.portal,2.0.0.1278523018,"com.aptana.ide.server.portal",1290751507062
stopped,bundle,com.aptana.ide.update.portal,2.0.0.1278614541,"com.aptana.ide.update.portal",1290751507062
stopped,bundle,com.aptana.ide.update.ui,2.0.0.1278614541,"com.aptana.ide.update.ui",1290751507062
stopped,bundle,com.aptana.ide.server.jetty,2.0.0.1278523018,"com.aptana.ide.server.jetty",1290751507062
stopped,bundle,com.aptana.ide.server.ui,2.0.0.1278523018,"com.aptana.ide.server.ui",1290751507062
stopped,bundle,com.aptana.ide.server.core,2.0.0.1278523018,"com.aptana.ide.server.core",1290751507062
stopped,bundle,com.aptana.ide.server,2.0.0.1278523018,"com.aptana.ide.server",1290751507062
stopped,bundle,org.eclipse.help.base,3.4.0.v201002111343,"org.eclipse.help.base",1290751507062
stopped,bundle,org.eclipse.equinox.http.jetty,2.0.0.v20090520-1800,"org.eclipse.equinox.http.jetty",1290751507062
stopped,bundle,org.eclipse.wst.server.preview,1.1.0.v20090113,"org.eclipse.wst.server.preview",1290751507062
stopped,bundle,org.eclipse.jst.server.generic.jboss,1.6.1.v200904151730,"org.eclipse.jst.server.generic.jboss",1290751507062
stopped,bundle,org.eclipse.jst.server.generic.jonas,1.5.205.v200805140145,"org.eclipse.jst.server.generic.jonas",1290751507078
stopped,bundle,org.eclipse.jst.server.generic.oc4j,1.5.206.v20090812,"org.eclipse.jst.server.generic.oc4j",1290751507078
stopped,bundle,org.eclipse.jst.server.websphere.core,1.0.302.v20080620,"org.eclipse.jst.server.websphere.core",1290751507078
stopped,bundle,org.eclipse.jst.server.generic.ui,1.0.405.v200905022002,"org.eclipse.jst.server.generic.ui",1290751507078
stopped,bundle,org.eclipse.jst.server.generic.core,1.0.506.v20090817,"org.eclipse.jst.server.generic.core",1290751507078
stopped,bundle,org.eclipse.mylyn.ide.ant,3.4.0.v20100608-0100-e3x,"org.eclipse.mylyn.ide.ant",1290751507078
stopped,bundle,org.eclipse.ant.ui,3.4.2.v20091204_r352,"org.eclipse.ant.ui",1290751507078
stopped,bundle,org.eclipse.emf.importer.ecore,2.4.0.v200906151043,"org.eclipse.emf.importer.ecore",1290751507078
